feature,ols_coef,ridge_coef,lasso_coef
accommodates,0.31422250221614834,0.31359311258537426,0.313068007824718
bathrooms,0.08371158129744947,0.08362958929805367,0.08316373139504765
bedrooms,0.044507817452129596,0.04459583786633699,0.04330185826663925
beds,-0.023264073345504798,-0.022761183964320843,-0.02063061412006558
number_of_reviews,-0.0027917195837858073,-0.002802684772551752,-0.0025058099773923215
latitude,-0.09639731650021434,-0.09578826349384227,-0.09309519991498408
longitude,-0.16541529293752827,-0.16499572919300912,-0.16453332135477536
room_type_Hotel room,0.03877822575496913,0.03876560613834099,0.038379245093043766
room_type_Private room,-0.20342063556180062,-0.2033583580122601,-0.2031659721150704
room_type_Shared room,-0.06806848330047077,-0.06803156923086702,-0.06769510185626537
neighbourhood_group_Brooklyn,-0.14593954573608034,-0.1442777181490423,-0.1377867811974674
neighbourhood_group_Manhattan,0.09760779680520199,0.09886361614286351,0.10327176400239042
neighbourhood_group_Queens,-0.034217616540488494,-0.03344447159576104,-0.02954093221639402
neighbourhood_group_Staten Island,-0.10591363974678027,-0.10532124290417066,-0.10328678051064101
